﻿<?xml version="1.0" encoding="utf-8"?>
<packageMetaData>
  <packageName>Checkout.cs</packageName>
  <author>Fawcett</author>
  <isOpen>False</isOpen>
  <fileSpec>project/Checkout.cs.1</fileSpec>
  <dateTime>7/15/2017 4:46:05 PM</dateTime>
  <description></description>
  <dependencies>
    <dependency>project/IPluggable.cs.xml.1</dependency>
    <dependency>project/MetaData.cs.xml.2</dependency>
    <dependency>project/TestUtilities.cs.xml.1</dependency>
  </dependencies>
</packageMetaData>